intervention,evidence,P(topic_15),P(topic_16),P(topic_18),P(topic_0),P(topic_1)
No intervention (baseline),{},0.04312467602575476,0.055321885059872816,0.047132230185448785,0.5582811854846425,0.2735257019938974
Eliminate High EGT,{'topic_14': 0},0.025302599246630007,0.05381381473367206,0.045069758268,0.5582811854846423,0.2735257019938974
Eliminate Fuel System Issues,{'topic_8': 0},0.04201698434743881,0.05145976759413498,0.043936848204000005,0.5583221891306845,0.27356109967241926
Improve ATC Communication,{'topic_2': 0},0.04312467602575477,0.055321885059872816,0.04713223018544878,0.5582811854846423,0.28291278494969235
Eliminate High EGT + Fuel System,"{'topic_14': 0, 'topic_8': 0}",0.024417301588000005,0.0499516114700504,0.04187058,0.5583221891306847,0.27356109967241926
Eliminate ALL 3 root causes,"{'topic_14': 0, 'topic_8': 0, 'topic_2': 0}",0.024417301588,0.04995161147005039,0.04187057999999999,0.5583221891306844,0.28295048265404066
